TN23,recrJJOFrQdHCUHXl
B1,recVnn8QBxvfKBvDU
BH1,recdUcHxrtgtzJtxd
BB7,recgVEbDfqXh2Nvtx
CR3,recD7PvUOEEh0ArH0
CO7,recNlN8eNTkxGSGd1
CV1,rec0SaDKFCEM6qkrC
SN10,recTm7frX5mDE1Vmp
WF7,reclHxubbAF7MAixr
GL16,recPD69NvptL9sm57
RG27,recYrjEr0KVu9oXlH
TN34,recHXGBFXkvWs49YY
RH16,rec4uyr6VGCHRq2n1
TN11,recx7WtQVcWnRDKf0
CV8,rec0Qv6VAFEhnqQjG
LE1,reccYZ47SvZpL86Qz
WC1,recJCCgveQCVLUM7e
BT66,recp77vkPzDF7G0hC
WA13,recU8dyFCEoF88o0O
SL7,rec2ux8J86x9kOYlZ
CV11,recM0i8RX4dGNIMpy
TQ3,recnYUyMrAvUoQzjO
NG12,reciQ4TBaixukmK4T
TR15,recpBjkuirw3kNUuk
SG8,rec7xaulEbEoELiCl
SO18,recDWEKZ7BBzQmoDx
TN9,recoPFEzte49jbylL
CV35,recYs0wmRof6FnGH5
CV4,recdLn4qxRUEa8bZS
BH21,recokwCP83UuWQbBJ
WR8,recnRJWDy3Wi0Lrsx
BA20,recYTCCPu68Al963w
TN23,recrJJOFrQdHCUHXl
B1,recVnn8QBxvfKBvDU
BH1,recdUcHxrtgtzJtxd
BB7,recgVEbDfqXh2Nvtx
CR3,recD7PvUOEEh0ArH0
CO7,recNlN8eNTkxGSGd1
CV1,rec0SaDKFCEM6qkrC
SN10,recTm7frX5mDE1Vmp
WF7,reclHxubbAF7MAixr
GL16,recPD69NvptL9sm57
RG27,recYrjEr0KVu9oXlH
TN34,recHXGBFXkvWs49YY
RH16,rec4uyr6VGCHRq2n1
TN11,recx7WtQVcWnRDKf0
CV8,rec0Qv6VAFEhnqQjG
LE1,reccYZ47SvZpL86Qz
WC1,recJCCgveQCVLUM7e
BT66,recp77vkPzDF7G0hC
WA13,recU8dyFCEoF88o0O
SL7,rec2ux8J86x9kOYlZ
CV11,recM0i8RX4dGNIMpy
TQ3,recnYUyMrAvUoQzjO
NG12,reciQ4TBaixukmK4T
TR15,recpBjkuirw3kNUuk
SG8,rec7xaulEbEoELiCl
SO18,recDWEKZ7BBzQmoDx
TN9,recoPFEzte49jbylL
CV35,recYs0wmRof6FnGH5
CV4,recdLn4qxRUEa8bZS
BH21,recokwCP83UuWQbBJ
WR8,recnRJWDy3Wi0Lrsx
BA20,recYTCCPu68Al963w
TN23,recrJJOFrQdHCUHXl
B1,recVnn8QBxvfKBvDU
BH1,recdUcHxrtgtzJtxd
BB7,recgVEbDfqXh2Nvtx
CR3,recD7PvUOEEh0ArH0
CO7,recNlN8eNTkxGSGd1
CV1,rec0SaDKFCEM6qkrC
SN10,recTm7frX5mDE1Vmp
WF7,reclHxubbAF7MAixr
GL16,recPD69NvptL9sm57
RG27,recYrjEr0KVu9oXlH
TN34,recHXGBFXkvWs49YY
RH16,rec4uyr6VGCHRq2n1
TN11,recx7WtQVcWnRDKf0
CV8,rec0Qv6VAFEhnqQjG
LE1,reccYZ47SvZpL86Qz
WC1,recJCCgveQCVLUM7e
BT66,recp77vkPzDF7G0hC
WA13,recU8dyFCEoF88o0O
SL7,rec2ux8J86x9kOYlZ
CV11,recM0i8RX4dGNIMpy
TQ3,recnYUyMrAvUoQzjO
NG12,reciQ4TBaixukmK4T
TR15,recpBjkuirw3kNUuk
SG8,rec7xaulEbEoELiCl
SO18,recDWEKZ7BBzQmoDx
TN9,recoPFEzte49jbylL
CV35,recYs0wmRof6FnGH5
CV4,recdLn4qxRUEa8bZS
BH21,recokwCP83UuWQbBJ
WR8,recnRJWDy3Wi0Lrsx
BA20,recYTCCPu68Al963w
TN23,recrJJOFrQdHCUHXl
B1,recVnn8QBxvfKBvDU
BH1,recdUcHxrtgtzJtxd
BB7,recgVEbDfqXh2Nvtx
CR3,recD7PvUOEEh0ArH0
CO7,recNlN8eNTkxGSGd1
CV1,rec0SaDKFCEM6qkrC
SN10,recTm7frX5mDE1Vmp
WF7,reclHxubbAF7MAixr
GL16,recPD69NvptL9sm57
RG27,recYrjEr0KVu9oXlH
TN34,recHXGBFXkvWs49YY
RH16,rec4uyr6VGCHRq2n1
TN11,recx7WtQVcWnRDKf0
CV8,rec0Qv6VAFEhnqQjG
LE1,reccYZ47SvZpL86Qz
WC1,recJCCgveQCVLUM7e
BT66,recp77vkPzDF7G0hC
WA13,recU8dyFCEoF88o0O
SL7,rec2ux8J86x9kOYlZ
CV11,recM0i8RX4dGNIMpy
TQ3,recnYUyMrAvUoQzjO
NG12,reciQ4TBaixukmK4T
TR15,recpBjkuirw3kNUuk
SG8,rec7xaulEbEoELiCl
SO18,recDWEKZ7BBzQmoDx
TN9,recoPFEzte49jbylL
CV35,recYs0wmRof6FnGH5
CV4,recdLn4qxRUEa8bZS
BH21,recokwCP83UuWQbBJ
WR8,recnRJWDy3Wi0Lrsx
BA20,recYTCCPu68Al963w
TN23,recrJJOFrQdHCUHXl
B1,recVnn8QBxvfKBvDU
BH1,recdUcHxrtgtzJtxd
BB7,recgVEbDfqXh2Nvtx
CR3,recD7PvUOEEh0ArH0
CO7,recNlN8eNTkxGSGd1
CV1,rec0SaDKFCEM6qkrC
SN10,recTm7frX5mDE1Vmp
WF7,reclHxubbAF7MAixr
GL16,recPD69NvptL9sm57
RG27,recYrjEr0KVu9oXlH
TN34,recHXGBFXkvWs49YY
RH16,rec4uyr6VGCHRq2n1
TN11,recx7WtQVcWnRDKf0
CV8,rec0Qv6VAFEhnqQjG
LE1,reccYZ47SvZpL86Qz
WC1,recJCCgveQCVLUM7e
BT66,recp77vkPzDF7G0hC
WA13,recU8dyFCEoF88o0O
SL7,rec2ux8J86x9kOYlZ
CV11,recM0i8RX4dGNIMpy
TQ3,recnYUyMrAvUoQzjO
NG12,reciQ4TBaixukmK4T
TR15,recpBjkuirw3kNUuk
SG8,rec7xaulEbEoELiCl
SO18,recDWEKZ7BBzQmoDx
TN9,recoPFEzte49jbylL
CV35,recYs0wmRof6FnGH5
CV4,recdLn4qxRUEa8bZS
BH21,recokwCP83UuWQbBJ
WR8,recnRJWDy3Wi0Lrsx
BA20,recYTCCPu68Al963w
TN23,recrJJOFrQdHCUHXl
B1,recVnn8QBxvfKBvDU
BH1,recdUcHxrtgtzJtxd
BB7,recgVEbDfqXh2Nvtx
CR3,recD7PvUOEEh0ArH0
CO7,recNlN8eNTkxGSGd1
CV1,rec0SaDKFCEM6qkrC
SN10,recTm7frX5mDE1Vmp
WF7,reclHxubbAF7MAixr
GL16,recPD69NvptL9sm57
RG27,recYrjEr0KVu9oXlH
TN34,recHXGBFXkvWs49YY
RH16,rec4uyr6VGCHRq2n1
TN11,recx7WtQVcWnRDKf0
CV8,rec0Qv6VAFEhnqQjG
LE1,reccYZ47SvZpL86Qz
WC1,recJCCgveQCVLUM7e
BT66,recp77vkPzDF7G0hC
WA13,recU8dyFCEoF88o0O
SL7,rec2ux8J86x9kOYlZ
CV11,recM0i8RX4dGNIMpy
TQ3,recnYUyMrAvUoQzjO
NG12,reciQ4TBaixukmK4T
TR15,recpBjkuirw3kNUuk
SG8,rec7xaulEbEoELiCl
SO18,recDWEKZ7BBzQmoDx
TN9,recoPFEzte49jbylL
CV35,recYs0wmRof6FnGH5
CV4,recdLn4qxRUEa8bZS
BH21,recokwCP83UuWQbBJ
WR8,recnRJWDy3Wi0Lrsx
BA20,recYTCCPu68Al963w
