SO18 5TP,recwWIEK7zNZGiBvO
CV3 5ET,recLE0XZfevAi3WzS
AL2 1TA,recuKPUxiOejbkIbD
BH11 8EX,rec2U98fNC55VZvlk
SE19 1PQ,recDzOvxCzyI4MzeU
GL53 9LB,recOhPM55Z58hDO22
LS28 7PZ,recAkLSsdN6UCaZRg
TN10 2JB,recyQSfB2dVimNGmg
BA2 9EE,rec1aD8AJd03dCPl7
DT9 5RE,rec8ZZyAdepW6IutG
CV5 8BD,recaoWEkuUyAX2v58
BA2 5QY,reco11QE18tEOZ3S7
B30 1ET,recItB8WF0w4NXtzN
SK10 3AG,recOdabrmthrQ1asD
SO16 9GE,recGP1RCJv3WL0koW
SK10 2PX,recAgYNriJHOOLMkW
HX3 0QP,rectyQMhLQZtPHQfa
CV3 6AY,rec5J9ZZLArIjc6Eh
DT4 7PY,reczE7V33UaxGePnv
BN26 6LJ,recVooQkykLVlUn3x
TN40 1HA,recyqqgcq8DwHZnXT
SS0 7PW,recbkUjVeuiy7Kq5j
SO16 3UH,recP37wfAFG3ec1z5
CV4 9FW,rec4xNh5BVpftpYWc
BD16 2RX,recvdVWBd7Dr6z3LP
CV5 7HW,recIUoVg0me5VLeTC
SO17 2GT,recqTSuVVzIbT4OAt
CV8 1DS,recb8k56vVRnADoen
RH4 3BX,rec9FLwwHxb0sUUIw
BA2 3QY,recab65UmwNZgMmVo
YO12 4DX,recSQ0f8GryqZPXoQ
TA4 2UL,rec1xB4Nok340zZN9
SO15 7PD,recLsCRvwKLrXIySt
PL3 6TP,recmW6ygx307NnjxP
RH2 0PW,reczIjJEMgs56ZzBX
ME5 0NR,recsmBVsv6xOsbESU
BH9 3RF,recUAhbJLz652xxfI
EX8 2PS,recO12xURlDCIPuBg
LE18 1FJ,rechD5zdJ4At8iaHG
NN7 1AF,rec8iNSOhZikEfWKs
HG2 7QD,reckrHP4H4ACey7hu
NN12 7RU,recV7csH9b6YqCC65
LA12 0BJ,rec1D8RYT9HwwS4uV
PO1 5AR,reccQMQoOvyTJ3LOC
OL3 7HE,recQ0Y65HBHznI4tE
CW12 4LQ,recs7swxRI01va9S6
HP10 9LG,recMcpu7wDcnwsEuN
RG21 4AS,recLspXW2BuiYpHYd
RM2 5SA,recKUGumKLyCworL2
E18 1AP,recEj48DtWUI0FvZo
BA14 7UL,recCcQBrMSjv491GP
PL25 4QY,rec29OXdg0BPtUv30
BH21 2AP,reclFhRpFYDIpainp
SP11 6EF,reccRqE07ukLTqHMy
CV32 7EL,rec9LX35S98KbqmFN
CV33 9ES,recPhNVdgwtFIDMXj
IG10 2DD,rec2EbM81qGfiB2Fd
SE25 4JD,recOqMUgq5nLaXrr1
NG16 6DZ,rec4eThK3XRHLAKqT
TW2 7ER,recPqWIsbhglqmUis
RH20 1FL,rec68M2xyGv0tnPkQ
BA21 5RR,recGg7foNiTNuJDUW
AL1 4XE,recsrdxF6WuuYMogH
SW6 1UN,recH0jLAE0qqCNvWS
DE23 6EE,recihtHFNFZEhgHbw
PE9 1JE,recfnS397zQBkMA9z
BR6 9JW,recLRHNM6PCpFKi1s
HG1 4NR,recPP3gOVgAdssgcu
BS22 7AH,recDV49t0nppAzmSD
BH15 3EG,recAsZB0efLOBibn1
SO32 2QZ,recTk0DhxcJvwpk4W
CV3 5FE,rec1q0prlvAONOd1c
TA7 9AD,reckHr0Vrw4YKku38
HP8 4DS,recyaAg7vSqauKFCY
B30 3QJ,reccMFzheimFKDKa2
TR27 4RH,recV4ZFvNYG117Xt0
YO10 3SS,recQRN1QWs64yrcIG
RH17 5HG,recRlAnfHEH6a58wa
TN10 4QE,rece1LUDjIWDdUJeM
BH11 8AN,recGyrO8EIMENhvt1
RG25 3JF,recklMSVgLGTu3QdI
LA8,rec1Hnq4HqUiQaEvS
SO18 5TP,recwWIEK7zNZGiBvO
CV3 5ET,recLE0XZfevAi3WzS
AL2 1TA,recuKPUxiOejbkIbD
BH11 8EX,rec2U98fNC55VZvlk
SE19 1PQ,recDzOvxCzyI4MzeU
GL53 9LB,recOhPM55Z58hDO22
LS28 7PZ,recAkLSsdN6UCaZRg
TN10 2JB,recyQSfB2dVimNGmg
BA2 9EE,rec1aD8AJd03dCPl7
DT9 5RE,rec8ZZyAdepW6IutG
CV5 8BD,recaoWEkuUyAX2v58
BA2 5QY,reco11QE18tEOZ3S7
B30 1ET,recItB8WF0w4NXtzN
SK10 3AG,recOdabrmthrQ1asD
SO16 9GE,recGP1RCJv3WL0koW
SK10 2PX,recAgYNriJHOOLMkW
HX3 0QP,rectyQMhLQZtPHQfa
CV3 6AY,rec5J9ZZLArIjc6Eh
DT4 7PY,reczE7V33UaxGePnv
BN26 6LJ,recVooQkykLVlUn3x
TN40 1HA,recyqqgcq8DwHZnXT
SS0 7PW,recbkUjVeuiy7Kq5j
SO16 3UH,recP37wfAFG3ec1z5
CV4 9FW,rec4xNh5BVpftpYWc
BD16 2RX,recvdVWBd7Dr6z3LP
CV5 7HW,recIUoVg0me5VLeTC
SO17 2GT,recqTSuVVzIbT4OAt
CV8 1DS,recb8k56vVRnADoen
RH4 3BX,rec9FLwwHxb0sUUIw
BA2 3QY,recab65UmwNZgMmVo
YO12 4DX,recSQ0f8GryqZPXoQ
TA4 2UL,rec1xB4Nok340zZN9
SO15 7PD,recLsCRvwKLrXIySt
PL3 6TP,recmW6ygx307NnjxP
RH2 0PW,reczIjJEMgs56ZzBX
ME5 0NR,recsmBVsv6xOsbESU
BH9 3RF,recUAhbJLz652xxfI
EX8 2PS,recO12xURlDCIPuBg
LE18 1FJ,rechD5zdJ4At8iaHG
NN7 1AF,rec8iNSOhZikEfWKs
HG2 7QD,reckrHP4H4ACey7hu
NN12 7RU,recV7csH9b6YqCC65
LA12 0BJ,rec1D8RYT9HwwS4uV
PO1 5AR,reccQMQoOvyTJ3LOC
OL3 7HE,recQ0Y65HBHznI4tE
CW12 4LQ,recs7swxRI01va9S6
HP10 9LG,recMcpu7wDcnwsEuN
RG21 4AS,recLspXW2BuiYpHYd
RM2 5SA,recKUGumKLyCworL2
E18 1AP,recEj48DtWUI0FvZo
BA14 7UL,recCcQBrMSjv491GP
PL25 4QY,rec29OXdg0BPtUv30
BH21 2AP,reclFhRpFYDIpainp
SP11 6EF,reccRqE07ukLTqHMy
CV32 7EL,rec9LX35S98KbqmFN
CV33 9ES,recPhNVdgwtFIDMXj
IG10 2DD,rec2EbM81qGfiB2Fd
SE25 4JD,recOqMUgq5nLaXrr1
NG16 6DZ,rec4eThK3XRHLAKqT
TW2 7ER,recPqWIsbhglqmUis
RH20 1FL,rec68M2xyGv0tnPkQ
BA21 5RR,recGg7foNiTNuJDUW
AL1 4XE,recsrdxF6WuuYMogH
SW6 1UN,recH0jLAE0qqCNvWS
DE23 6EE,recihtHFNFZEhgHbw
PE9 1JE,recfnS397zQBkMA9z
BR6 9JW,recLRHNM6PCpFKi1s
HG1 4NR,recPP3gOVgAdssgcu
BS22 7AH,recDV49t0nppAzmSD
BH15 3EG,recAsZB0efLOBibn1
SO32 2QZ,recTk0DhxcJvwpk4W
CV3 5FE,rec1q0prlvAONOd1c
TA7 9AD,reckHr0Vrw4YKku38
HP8 4DS,recyaAg7vSqauKFCY
B30 3QJ,reccMFzheimFKDKa2
TR27 4RH,recV4ZFvNYG117Xt0
YO10 3SS,recQRN1QWs64yrcIG
RH17 5HG,recRlAnfHEH6a58wa
TN10 4QE,rece1LUDjIWDdUJeM
BH11 8AN,recGyrO8EIMENhvt1
RG25 3JF,recklMSVgLGTu3QdI
LA8,rec1Hnq4HqUiQaEvS
SO18 5TP,recwWIEK7zNZGiBvO
CV3 5ET,recLE0XZfevAi3WzS
AL2 1TA,recuKPUxiOejbkIbD
BH11 8EX,rec2U98fNC55VZvlk
SE19 1PQ,recDzOvxCzyI4MzeU
GL53 9LB,recOhPM55Z58hDO22
LS28 7PZ,recAkLSsdN6UCaZRg
TN10 2JB,recyQSfB2dVimNGmg
BA2 9EE,rec1aD8AJd03dCPl7
DT9 5RE,rec8ZZyAdepW6IutG
CV5 8BD,recaoWEkuUyAX2v58
BA2 5QY,reco11QE18tEOZ3S7
B30 1ET,recItB8WF0w4NXtzN
SK10 3AG,recOdabrmthrQ1asD
SO16 9GE,recGP1RCJv3WL0koW
SK10 2PX,recAgYNriJHOOLMkW
HX3 0QP,rectyQMhLQZtPHQfa
CV3 6AY,rec5J9ZZLArIjc6Eh
DT4 7PY,reczE7V33UaxGePnv
BN26 6LJ,recVooQkykLVlUn3x
TN40 1HA,recyqqgcq8DwHZnXT
SS0 7PW,recbkUjVeuiy7Kq5j
SO16 3UH,recP37wfAFG3ec1z5
CV4 9FW,rec4xNh5BVpftpYWc
BD16 2RX,recvdVWBd7Dr6z3LP
CV5 7HW,recIUoVg0me5VLeTC
SO17 2GT,recqTSuVVzIbT4OAt
CV8 1DS,recb8k56vVRnADoen
RH4 3BX,rec9FLwwHxb0sUUIw
BA2 3QY,recab65UmwNZgMmVo
YO12 4DX,recSQ0f8GryqZPXoQ
TA4 2UL,rec1xB4Nok340zZN9
SO15 7PD,recLsCRvwKLrXIySt
PL3 6TP,recmW6ygx307NnjxP
RH2 0PW,reczIjJEMgs56ZzBX
ME5 0NR,recsmBVsv6xOsbESU
BH9 3RF,recUAhbJLz652xxfI
EX8 2PS,recO12xURlDCIPuBg
LE18 1FJ,rechD5zdJ4At8iaHG
NN7 1AF,rec8iNSOhZikEfWKs
HG2 7QD,reckrHP4H4ACey7hu
NN12 7RU,recV7csH9b6YqCC65
LA12 0BJ,rec1D8RYT9HwwS4uV
PO1 5AR,reccQMQoOvyTJ3LOC
OL3 7HE,recQ0Y65HBHznI4tE
CW12 4LQ,recs7swxRI01va9S6
HP10 9LG,recMcpu7wDcnwsEuN
RG21 4AS,recLspXW2BuiYpHYd
RM2 5SA,recKUGumKLyCworL2
E18 1AP,recEj48DtWUI0FvZo
BA14 7UL,recCcQBrMSjv491GP
PL25 4QY,rec29OXdg0BPtUv30
BH21 2AP,reclFhRpFYDIpainp
SP11 6EF,reccRqE07ukLTqHMy
CV32 7EL,rec9LX35S98KbqmFN
CV33 9ES,recPhNVdgwtFIDMXj
IG10 2DD,rec2EbM81qGfiB2Fd
SE25 4JD,recOqMUgq5nLaXrr1
NG16 6DZ,rec4eThK3XRHLAKqT
TW2 7ER,recPqWIsbhglqmUis
RH20 1FL,rec68M2xyGv0tnPkQ
BA21 5RR,recGg7foNiTNuJDUW
AL1 4XE,recsrdxF6WuuYMogH
SW6 1UN,recH0jLAE0qqCNvWS
DE23 6EE,recihtHFNFZEhgHbw
PE9 1JE,recfnS397zQBkMA9z
BR6 9JW,recLRHNM6PCpFKi1s
HG1 4NR,recPP3gOVgAdssgcu
BS22 7AH,recDV49t0nppAzmSD
BH15 3EG,recAsZB0efLOBibn1
SO32 2QZ,recTk0DhxcJvwpk4W
CV3 5FE,rec1q0prlvAONOd1c
TA7 9AD,reckHr0Vrw4YKku38
HP8 4DS,recyaAg7vSqauKFCY
B30 3QJ,reccMFzheimFKDKa2
TR27 4RH,recV4ZFvNYG117Xt0
YO10 3SS,recQRN1QWs64yrcIG
RH17 5HG,recRlAnfHEH6a58wa
TN10 4QE,rece1LUDjIWDdUJeM
BH11 8AN,recGyrO8EIMENhvt1
RG25 3JF,recklMSVgLGTu3QdI
LA8,rec1Hnq4HqUiQaEvS
SO18 5TP,recwWIEK7zNZGiBvO
CV3 5ET,recLE0XZfevAi3WzS
AL2 1TA,recuKPUxiOejbkIbD
BH11 8EX,rec2U98fNC55VZvlk
SE19 1PQ,recDzOvxCzyI4MzeU
GL53 9LB,recOhPM55Z58hDO22
LS28 7PZ,recAkLSsdN6UCaZRg
TN10 2JB,recyQSfB2dVimNGmg
BA2 9EE,rec1aD8AJd03dCPl7
DT9 5RE,rec8ZZyAdepW6IutG
CV5 8BD,recaoWEkuUyAX2v58
BA2 5QY,reco11QE18tEOZ3S7
B30 1ET,recItB8WF0w4NXtzN
SK10 3AG,recOdabrmthrQ1asD
SO16 9GE,recGP1RCJv3WL0koW
SK10 2PX,recAgYNriJHOOLMkW
HX3 0QP,rectyQMhLQZtPHQfa
CV3 6AY,rec5J9ZZLArIjc6Eh
DT4 7PY,reczE7V33UaxGePnv
BN26 6LJ,recVooQkykLVlUn3x
TN40 1HA,recyqqgcq8DwHZnXT
SS0 7PW,recbkUjVeuiy7Kq5j
SO16 3UH,recP37wfAFG3ec1z5
CV4 9FW,rec4xNh5BVpftpYWc
BD16 2RX,recvdVWBd7Dr6z3LP
CV5 7HW,recIUoVg0me5VLeTC
SO17 2GT,recqTSuVVzIbT4OAt
CV8 1DS,recb8k56vVRnADoen
RH4 3BX,rec9FLwwHxb0sUUIw
BA2 3QY,recab65UmwNZgMmVo
YO12 4DX,recSQ0f8GryqZPXoQ
TA4 2UL,rec1xB4Nok340zZN9
SO15 7PD,recLsCRvwKLrXIySt
PL3 6TP,recmW6ygx307NnjxP
RH2 0PW,reczIjJEMgs56ZzBX
ME5 0NR,recsmBVsv6xOsbESU
BH9 3RF,recUAhbJLz652xxfI
EX8 2PS,recO12xURlDCIPuBg
LE18 1FJ,rechD5zdJ4At8iaHG
NN7 1AF,rec8iNSOhZikEfWKs
HG2 7QD,reckrHP4H4ACey7hu
NN12 7RU,recV7csH9b6YqCC65
LA12 0BJ,rec1D8RYT9HwwS4uV
PO1 5AR,reccQMQoOvyTJ3LOC
OL3 7HE,recQ0Y65HBHznI4tE
CW12 4LQ,recs7swxRI01va9S6
HP10 9LG,recMcpu7wDcnwsEuN
RG21 4AS,recLspXW2BuiYpHYd
RM2 5SA,recKUGumKLyCworL2
E18 1AP,recEj48DtWUI0FvZo
BA14 7UL,recCcQBrMSjv491GP
PL25 4QY,rec29OXdg0BPtUv30
BH21 2AP,reclFhRpFYDIpainp
SP11 6EF,reccRqE07ukLTqHMy
CV32 7EL,rec9LX35S98KbqmFN
CV33 9ES,recPhNVdgwtFIDMXj
IG10 2DD,rec2EbM81qGfiB2Fd
SE25 4JD,recOqMUgq5nLaXrr1
NG16 6DZ,rec4eThK3XRHLAKqT
TW2 7ER,recPqWIsbhglqmUis
RH20 1FL,rec68M2xyGv0tnPkQ
BA21 5RR,recGg7foNiTNuJDUW
AL1 4XE,recsrdxF6WuuYMogH
SW6 1UN,recH0jLAE0qqCNvWS
DE23 6EE,recihtHFNFZEhgHbw
PE9 1JE,recfnS397zQBkMA9z
BR6 9JW,recLRHNM6PCpFKi1s
HG1 4NR,recPP3gOVgAdssgcu
BS22 7AH,recDV49t0nppAzmSD
BH15 3EG,recAsZB0efLOBibn1
SO32 2QZ,recTk0DhxcJvwpk4W
CV3 5FE,rec1q0prlvAONOd1c
TA7 9AD,reckHr0Vrw4YKku38
HP8 4DS,recyaAg7vSqauKFCY
B30 3QJ,reccMFzheimFKDKa2
TR27 4RH,recV4ZFvNYG117Xt0
YO10 3SS,recQRN1QWs64yrcIG
RH17 5HG,recRlAnfHEH6a58wa
TN10 4QE,rece1LUDjIWDdUJeM
BH11 8AN,recGyrO8EIMENhvt1
RG25 3JF,recklMSVgLGTu3QdI
LA8,rec1Hnq4HqUiQaEvS
SO18 5TP,recwWIEK7zNZGiBvO
CV3 5ET,recLE0XZfevAi3WzS
AL2 1TA,recuKPUxiOejbkIbD
BH11 8EX,rec2U98fNC55VZvlk
SE19 1PQ,recDzOvxCzyI4MzeU
GL53 9LB,recOhPM55Z58hDO22
LS28 7PZ,recAkLSsdN6UCaZRg
TN10 2JB,recyQSfB2dVimNGmg
BA2 9EE,rec1aD8AJd03dCPl7
DT9 5RE,rec8ZZyAdepW6IutG
CV5 8BD,recaoWEkuUyAX2v58
BA2 5QY,reco11QE18tEOZ3S7
B30 1ET,recItB8WF0w4NXtzN
SK10 3AG,recOdabrmthrQ1asD
SO16 9GE,recGP1RCJv3WL0koW
SK10 2PX,recAgYNriJHOOLMkW
HX3 0QP,rectyQMhLQZtPHQfa
CV3 6AY,rec5J9ZZLArIjc6Eh
DT4 7PY,reczE7V33UaxGePnv
BN26 6LJ,recVooQkykLVlUn3x
TN40 1HA,recyqqgcq8DwHZnXT
SS0 7PW,recbkUjVeuiy7Kq5j
SO16 3UH,recP37wfAFG3ec1z5
CV4 9FW,rec4xNh5BVpftpYWc
BD16 2RX,recvdVWBd7Dr6z3LP
CV5 7HW,recIUoVg0me5VLeTC
SO17 2GT,recqTSuVVzIbT4OAt
CV8 1DS,recb8k56vVRnADoen
RH4 3BX,rec9FLwwHxb0sUUIw
BA2 3QY,recab65UmwNZgMmVo
YO12 4DX,recSQ0f8GryqZPXoQ
TA4 2UL,rec1xB4Nok340zZN9
SO15 7PD,recLsCRvwKLrXIySt
PL3 6TP,recmW6ygx307NnjxP
RH2 0PW,reczIjJEMgs56ZzBX
ME5 0NR,recsmBVsv6xOsbESU
BH9 3RF,recUAhbJLz652xxfI
EX8 2PS,recO12xURlDCIPuBg
LE18 1FJ,rechD5zdJ4At8iaHG
NN7 1AF,rec8iNSOhZikEfWKs
HG2 7QD,reckrHP4H4ACey7hu
NN12 7RU,recV7csH9b6YqCC65
LA12 0BJ,rec1D8RYT9HwwS4uV
PO1 5AR,reccQMQoOvyTJ3LOC
OL3 7HE,recQ0Y65HBHznI4tE
CW12 4LQ,recs7swxRI01va9S6
HP10 9LG,recMcpu7wDcnwsEuN
RG21 4AS,recLspXW2BuiYpHYd
RM2 5SA,recKUGumKLyCworL2
E18 1AP,recEj48DtWUI0FvZo
BA14 7UL,recCcQBrMSjv491GP
PL25 4QY,rec29OXdg0BPtUv30
BH21 2AP,reclFhRpFYDIpainp
SP11 6EF,reccRqE07ukLTqHMy
CV32 7EL,rec9LX35S98KbqmFN
CV33 9ES,recPhNVdgwtFIDMXj
IG10 2DD,rec2EbM81qGfiB2Fd
SE25 4JD,recOqMUgq5nLaXrr1
NG16 6DZ,rec4eThK3XRHLAKqT
TW2 7ER,recPqWIsbhglqmUis
RH20 1FL,rec68M2xyGv0tnPkQ
BA21 5RR,recGg7foNiTNuJDUW
AL1 4XE,recsrdxF6WuuYMogH
SW6 1UN,recH0jLAE0qqCNvWS
DE23 6EE,recihtHFNFZEhgHbw
PE9 1JE,recfnS397zQBkMA9z
BR6 9JW,recLRHNM6PCpFKi1s
HG1 4NR,recPP3gOVgAdssgcu
BS22 7AH,recDV49t0nppAzmSD
BH15 3EG,recAsZB0efLOBibn1
SO32 2QZ,recTk0DhxcJvwpk4W
CV3 5FE,rec1q0prlvAONOd1c
TA7 9AD,reckHr0Vrw4YKku38
HP8 4DS,recyaAg7vSqauKFCY
B30 3QJ,reccMFzheimFKDKa2
TR27 4RH,recV4ZFvNYG117Xt0
YO10 3SS,recQRN1QWs64yrcIG
RH17 5HG,recRlAnfHEH6a58wa
TN10 4QE,rece1LUDjIWDdUJeM
BH11 8AN,recGyrO8EIMENhvt1
RG25 3JF,recklMSVgLGTu3QdI
LA8,rec1Hnq4HqUiQaEvS
SO18 5TP,recwWIEK7zNZGiBvO
CV3 5ET,recLE0XZfevAi3WzS
AL2 1TA,recuKPUxiOejbkIbD
BH11 8EX,rec2U98fNC55VZvlk
SE19 1PQ,recDzOvxCzyI4MzeU
GL53 9LB,recOhPM55Z58hDO22
LS28 7PZ,recAkLSsdN6UCaZRg
TN10 2JB,recyQSfB2dVimNGmg
BA2 9EE,rec1aD8AJd03dCPl7
DT9 5RE,rec8ZZyAdepW6IutG
CV5 8BD,recaoWEkuUyAX2v58
BA2 5QY,reco11QE18tEOZ3S7
B30 1ET,recItB8WF0w4NXtzN
SK10 3AG,recOdabrmthrQ1asD
SO16 9GE,recGP1RCJv3WL0koW
SK10 2PX,recAgYNriJHOOLMkW
HX3 0QP,rectyQMhLQZtPHQfa
CV3 6AY,rec5J9ZZLArIjc6Eh
DT4 7PY,reczE7V33UaxGePnv
BN26 6LJ,recVooQkykLVlUn3x
TN40 1HA,recyqqgcq8DwHZnXT
SS0 7PW,recbkUjVeuiy7Kq5j
SO16 3UH,recP37wfAFG3ec1z5
CV4 9FW,rec4xNh5BVpftpYWc
BD16 2RX,recvdVWBd7Dr6z3LP
CV5 7HW,recIUoVg0me5VLeTC
SO17 2GT,recqTSuVVzIbT4OAt
CV8 1DS,recb8k56vVRnADoen
RH4 3BX,rec9FLwwHxb0sUUIw
BA2 3QY,recab65UmwNZgMmVo
YO12 4DX,recSQ0f8GryqZPXoQ
TA4 2UL,rec1xB4Nok340zZN9
SO15 7PD,recLsCRvwKLrXIySt
PL3 6TP,recmW6ygx307NnjxP
RH2 0PW,reczIjJEMgs56ZzBX
ME5 0NR,recsmBVsv6xOsbESU
BH9 3RF,recUAhbJLz652xxfI
EX8 2PS,recO12xURlDCIPuBg
LE18 1FJ,rechD5zdJ4At8iaHG
NN7 1AF,rec8iNSOhZikEfWKs
HG2 7QD,reckrHP4H4ACey7hu
NN12 7RU,recV7csH9b6YqCC65
LA12 0BJ,rec1D8RYT9HwwS4uV
PO1 5AR,reccQMQoOvyTJ3LOC
OL3 7HE,recQ0Y65HBHznI4tE
CW12 4LQ,recs7swxRI01va9S6
HP10 9LG,recMcpu7wDcnwsEuN
RG21 4AS,recLspXW2BuiYpHYd
RM2 5SA,recKUGumKLyCworL2
E18 1AP,recEj48DtWUI0FvZo
BA14 7UL,recCcQBrMSjv491GP
PL25 4QY,rec29OXdg0BPtUv30
BH21 2AP,reclFhRpFYDIpainp
SP11 6EF,reccRqE07ukLTqHMy
CV32 7EL,rec9LX35S98KbqmFN
CV33 9ES,recPhNVdgwtFIDMXj
IG10 2DD,rec2EbM81qGfiB2Fd
SE25 4JD,recOqMUgq5nLaXrr1
NG16 6DZ,rec4eThK3XRHLAKqT
TW2 7ER,recPqWIsbhglqmUis
RH20 1FL,rec68M2xyGv0tnPkQ
BA21 5RR,recGg7foNiTNuJDUW
AL1 4XE,recsrdxF6WuuYMogH
SW6 1UN,recH0jLAE0qqCNvWS
DE23 6EE,recihtHFNFZEhgHbw
PE9 1JE,recfnS397zQBkMA9z
BR6 9JW,recLRHNM6PCpFKi1s
HG1 4NR,recPP3gOVgAdssgcu
BS22 7AH,recDV49t0nppAzmSD
BH15 3EG,recAsZB0efLOBibn1
SO32 2QZ,recTk0DhxcJvwpk4W
CV3 5FE,rec1q0prlvAONOd1c
TA7 9AD,reckHr0Vrw4YKku38
HP8 4DS,recyaAg7vSqauKFCY
B30 3QJ,reccMFzheimFKDKa2
TR27 4RH,recV4ZFvNYG117Xt0
YO10 3SS,recQRN1QWs64yrcIG
RH17 5HG,recRlAnfHEH6a58wa
TN10 4QE,rece1LUDjIWDdUJeM
BH11 8AN,recGyrO8EIMENhvt1
RG25 3JF,recklMSVgLGTu3QdI
LA8,rec1Hnq4HqUiQaEvS
SO18 5TP,recwWIEK7zNZGiBvO
CV3 5ET,recLE0XZfevAi3WzS
AL2 1TA,recuKPUxiOejbkIbD
BH11 8EX,rec2U98fNC55VZvlk
SE19 1PQ,recDzOvxCzyI4MzeU
GL53 9LB,recOhPM55Z58hDO22
LS28 7PZ,recAkLSsdN6UCaZRg
TN10 2JB,recyQSfB2dVimNGmg
BA2 9EE,rec1aD8AJd03dCPl7
DT9 5RE,rec8ZZyAdepW6IutG
CV5 8BD,recaoWEkuUyAX2v58
BA2 5QY,reco11QE18tEOZ3S7
B30 1ET,recItB8WF0w4NXtzN
SK10 3AG,recOdabrmthrQ1asD
SO16 9GE,recGP1RCJv3WL0koW
SK10 2PX,recAgYNriJHOOLMkW
HX3 0QP,rectyQMhLQZtPHQfa
CV3 6AY,rec5J9ZZLArIjc6Eh
DT4 7PY,reczE7V33UaxGePnv
BN26 6LJ,recVooQkykLVlUn3x
TN40 1HA,recyqqgcq8DwHZnXT
SS0 7PW,recbkUjVeuiy7Kq5j
SO16 3UH,recP37wfAFG3ec1z5
CV4 9FW,rec4xNh5BVpftpYWc
BD16 2RX,recvdVWBd7Dr6z3LP
CV5 7HW,recIUoVg0me5VLeTC
SO17 2GT,recqTSuVVzIbT4OAt
CV8 1DS,recb8k56vVRnADoen
RH4 3BX,rec9FLwwHxb0sUUIw
BA2 3QY,recab65UmwNZgMmVo
YO12 4DX,recSQ0f8GryqZPXoQ
TA4 2UL,rec1xB4Nok340zZN9
SO15 7PD,recLsCRvwKLrXIySt
PL3 6TP,recmW6ygx307NnjxP
RH2 0PW,reczIjJEMgs56ZzBX
ME5 0NR,recsmBVsv6xOsbESU
BH9 3RF,recUAhbJLz652xxfI
EX8 2PS,recO12xURlDCIPuBg
LE18 1FJ,rechD5zdJ4At8iaHG
NN7 1AF,rec8iNSOhZikEfWKs
HG2 7QD,reckrHP4H4ACey7hu
NN12 7RU,recV7csH9b6YqCC65
LA12 0BJ,rec1D8RYT9HwwS4uV
PO1 5AR,reccQMQoOvyTJ3LOC
OL3 7HE,recQ0Y65HBHznI4tE
CW12 4LQ,recs7swxRI01va9S6
HP10 9LG,recMcpu7wDcnwsEuN
RG21 4AS,recLspXW2BuiYpHYd
RM2 5SA,recKUGumKLyCworL2
E18 1AP,recEj48DtWUI0FvZo
BA14 7UL,recCcQBrMSjv491GP
PL25 4QY,rec29OXdg0BPtUv30
BH21 2AP,reclFhRpFYDIpainp
SP11 6EF,reccRqE07ukLTqHMy
CV32 7EL,rec9LX35S98KbqmFN
CV33 9ES,recPhNVdgwtFIDMXj
IG10 2DD,rec2EbM81qGfiB2Fd
SE25 4JD,recOqMUgq5nLaXrr1
NG16 6DZ,rec4eThK3XRHLAKqT
TW2 7ER,recPqWIsbhglqmUis
RH20 1FL,rec68M2xyGv0tnPkQ
BA21 5RR,recGg7foNiTNuJDUW
AL1 4XE,recsrdxF6WuuYMogH
SW6 1UN,recH0jLAE0qqCNvWS
DE23 6EE,recihtHFNFZEhgHbw
PE9 1JE,recfnS397zQBkMA9z
BR6 9JW,recLRHNM6PCpFKi1s
HG1 4NR,recPP3gOVgAdssgcu
BS22 7AH,recDV49t0nppAzmSD
BH15 3EG,recAsZB0efLOBibn1
SO32 2QZ,recTk0DhxcJvwpk4W
CV3 5FE,rec1q0prlvAONOd1c
TA7 9AD,reckHr0Vrw4YKku38
HP8 4DS,recyaAg7vSqauKFCY
B30 3QJ,reccMFzheimFKDKa2
TR27 4RH,recV4ZFvNYG117Xt0
YO10 3SS,recQRN1QWs64yrcIG
RH17 5HG,recRlAnfHEH6a58wa
TN10 4QE,rece1LUDjIWDdUJeM
BH11 8AN,recGyrO8EIMENhvt1
RG25 3JF,recklMSVgLGTu3QdI
LA8,rec1Hnq4HqUiQaEvS
